<?xml version="1.0" encoding="UTF-8"?>
<project-private xmlns="http://www.netbeans.org/ns/project-private/1">
    <editor-bookmarks xmlns="http://www.netbeans.org/ns/editor-bookmarks/2" lastBookmarkId="3">
        <file>
            <url>src/Juego.java</url>
            <bookmark id="2">
                <name/>
                <line>916</line>
                <key/>
            </bookmark>
            <bookmark id="3">
                <name/>
                <line>995</line>
                <key/>
            </bookmark>
        </file>
    </editor-bookmarks>
    <open-files xmlns="http://www.netbeans.org/ns/projectui-open-files/2">
        <group>
            <file>file:/E:/Super/src/Juego.java</file>
        </group>
    </open-files>
</project-private>
